171,Amish Creations,Category for Amish Creations,t,2025-04-12 19:46:03-04,2025-04-12 19:46:03-04
172,Antiques,Category for Antiques,t,2025-04-12 19:46:03-04,2025-04-12 19:46:03-04
173,Art,Category for Art,t,2025-04-12 19:46:03-04,2025-04-12 19:46:03-04
174,Books,Category for Books,t,2025-04-12 19:46:03-04,2025-04-12 19:46:03-04
175,Clothing,Category for Clothing,t,2025-04-12 19:46:03-04,2025-04-12 19:46:03-04
176,Digital Services,Category for Digital Services,t,2025-04-12 19:46:03-04,2025-04-12 19:46:03-04
177,Electronics,Category for Electronics,t,2025-04-12 19:46:03-04,2025-04-12 19:46:03-04
178,Health and Beauty,Category for Health and Beauty,t,2025-04-12 19:46:03-04,2025-04-12 19:46:03-04
179,Home Living,Category for Home Living,t,2025-04-12 19:46:03-04,2025-04-12 19:46:03-04
180,Home Improvements,Category for Home Improvements,t,2025-04-12 19:46:03-04,2025-04-12 19:46:03-04
181,Housekeeping,Category for Housekeeping,t,2025-04-12 19:46:03-04,2025-04-12 19:46:03-04
182,Indigenous Crafts,Category for Indigenous Crafts,t,2025-04-12 19:46:03-04,2025-04-12 19:46:03-04
183,Jewellery & Watches,Category for Jewellery & Watches,t,2025-04-12 19:46:03-04,2025-04-12 19:46:03-04
184,Non-Perishable Foods,Category for Non-Perishable Foods,t,2025-04-12 19:46:03-04,2025-04-12 19:46:03-04
185,Pets,Category for Pets,t,2025-04-12 19:46:03-04,2025-04-12 19:46:03-04
186,Religious Products,Category for Religious Products,t,2025-04-12 19:46:03-04,2025-04-12 19:46:03-04
187,Services,Category for Services,t,2025-04-12 19:46:03-04,2025-04-12 19:46:03-04
307,Jewelry,Category for jewelry items,t,2025-05-30 22:10:07.993897-04,2025-05-30 22:10:07.993897-04
308,Nutrition,Category for nutrition products,t,2025-05-30 22:10:07.993897-04,2025-05-30 22:10:07.993897-04
309,Hair Care,Category for hair care products,t,2025-05-30 22:10:07.993897-04,2025-05-30 22:10:07.993897-04
310,Marketing Services,Category for marketing services,t,2025-05-30 22:10:07.993897-04,2025-05-30 22:10:07.993897-04
311,Home Decor,Category for home decoration items,t,2025-05-30 22:10:07.993897-04,2025-05-30 22:10:07.993897-04
312,Spirituality,Category for spiritual products,t,2025-05-30 22:10:07.993897-04,2025-05-30 22:10:07.993897-04
