858,Amish Groceries,Subcategory for Amish Groceries,t,2025-04-12 19:46:03-04,2025-04-12 19:46:03-04,171
859,Amish Crafts,Subcategory for Amish Crafts,t,2025-04-12 19:46:03-04,2025-04-12 19:46:03-04,171
860,Antique Jewellery,Subcategory for Antique Jewellery,t,2025-04-12 19:46:03-04,2025-04-12 19:46:03-04,172
861,Antique Coins,Subcategory for Antique Coins,t,2025-04-12 19:46:03-04,2025-04-12 19:46:03-04,172
862,Antique Arms,Subcategory for Antique Arms,t,2025-04-12 19:46:03-04,2025-04-12 19:46:03-04,172
863,Paintings,Subcategory for Paintings,t,2025-04-12 19:46:03-04,2025-04-12 19:46:03-04,173
864,Sculptures,Subcategory for Sculptures,t,2025-04-12 19:46:03-04,2025-04-12 19:46:03-04,173
865,Digital Art,Subcategory for Digital Art,t,2025-04-12 19:46:03-04,2025-04-12 19:46:03-04,173
866,Fiction,Subcategory for Fiction,t,2025-04-12 19:46:03-04,2025-04-12 19:46:03-04,174
867,Non-fiction,Subcategory for Non-fiction,t,2025-04-12 19:46:03-04,2025-04-12 19:46:03-04,174
868,E-books,Subcategory for E-books,t,2025-04-12 19:46:03-04,2025-04-12 19:46:03-04,174
869,Men's Clothing,Subcategory for Men's Clothing,t,2025-04-12 19:46:03-04,2025-04-12 19:46:03-04,175
870,Women's Clothing,Subcategory for Women's Clothing,t,2025-04-12 19:46:03-04,2025-04-12 19:46:03-04,175
871,Kids' Clothing,Subcategory for Kids' Clothing,t,2025-04-12 19:46:03-04,2025-04-12 19:46:03-04,175
872,Web Design,Subcategory for Web Design,t,2025-04-12 19:46:03-04,2025-04-12 19:46:03-04,176
873,Freelancing,Subcategory for Freelancing,t,2025-04-12 19:46:03-04,2025-04-12 19:46:03-04,176
874,Content Creation,Subcategory for Content Creation,t,2025-04-12 19:46:03-04,2025-04-12 19:46:03-04,176
875,Accessories,Subcategory for Accessories,t,2025-04-12 19:46:03-04,2025-04-12 19:46:03-04,177
876,Components,Subcategory for Components,t,2025-04-12 19:46:03-04,2025-04-12 19:46:03-04,177
877,Communication,Subcategory for Communication,t,2025-04-12 19:46:03-04,2025-04-12 19:46:03-04,177
878,Skincare,Subcategory for Skincare,t,2025-04-12 19:46:03-04,2025-04-12 19:46:03-04,178
879,Haircare,Subcategory for Haircare,t,2025-04-12 19:46:03-04,2025-04-12 19:46:03-04,178
880,Supplements,Subcategory for Supplements,t,2025-04-12 19:46:03-04,2025-04-12 19:46:03-04,178
881,Furniture,Subcategory for Furniture,t,2025-04-12 19:46:03-04,2025-04-12 19:46:03-04,179
882,Decor,Subcategory for Decor,t,2025-04-12 19:46:03-04,2025-04-12 19:46:03-04,179
883,Kitchenware,Subcategory for Kitchenware,t,2025-04-12 19:46:03-04,2025-04-12 19:46:03-04,179
884,Renovations,Subcategory for Renovations,t,2025-04-12 19:46:03-04,2025-04-12 19:46:03-04,180
885,Flooring,Subcategory for Flooring,t,2025-04-12 19:46:03-04,2025-04-12 19:46:03-04,180
886,Painting,Subcategory for Painting,t,2025-04-12 19:46:03-04,2025-04-12 19:46:03-04,180
887,Cleaning,Subcategory for Cleaning,t,2025-04-12 19:46:03-04,2025-04-12 19:46:03-04,181
888,Laundry,Subcategory for Laundry,t,2025-04-12 19:46:03-04,2025-04-12 19:46:03-04,181
889,Organizing,Subcategory for Organizing,t,2025-04-12 19:46:03-04,2025-04-12 19:46:03-04,181
890,Traditional Textiles,Subcategory for Traditional Textiles,t,2025-04-12 19:46:03-04,2025-04-12 19:46:03-04,182
891,Wood Carvings,Subcategory for Wood Carvings,t,2025-04-12 19:46:03-04,2025-04-12 19:46:03-04,182
892,Beadwork,Subcategory for Beadwork,t,2025-04-12 19:46:03-04,2025-04-12 19:46:03-04,182
893,Fine Jewellery,Subcategory for Fine Jewellery,t,2025-04-12 19:46:03-04,2025-04-12 19:46:03-04,183
894,Fashion Jewellery,Subcategory for Fashion Jewellery,t,2025-04-12 19:46:03-04,2025-04-12 19:46:03-04,183
895,Luxury Watches,Subcategory for Luxury Watches,t,2025-04-12 19:46:03-04,2025-04-12 19:46:03-04,183
896,Snacks,Subcategory for Snacks,t,2025-04-12 19:46:03-04,2025-04-12 19:46:03-04,184
897,Canned Goods,Subcategory for Canned Goods,t,2025-04-12 19:46:03-04,2025-04-12 19:46:03-04,184
898,Dry Grains,Subcategory for Dry Grains,t,2025-04-12 19:46:03-04,2025-04-12 19:46:03-04,184
899,Pet Food,Subcategory for Pet Food,t,2025-04-12 19:46:03-04,2025-04-12 19:46:03-04,185
900,Pet Accessories,Subcategory for Pet Accessories,t,2025-04-12 19:46:03-04,2025-04-12 19:46:03-04,185
901,Grooming Products,Subcategory for Grooming Products,t,2025-04-12 19:46:03-04,2025-04-12 19:46:03-04,185
902,Prayer Mats,Subcategory for Prayer Mats,t,2025-04-12 19:46:03-04,2025-04-12 19:46:03-04,186
903,Holy Books,Subcategory for Holy Books,t,2025-04-12 19:46:03-04,2025-04-12 19:46:03-04,186
904,Ritual Supplies,Subcategory for Ritual Supplies,t,2025-04-12 19:46:03-04,2025-04-12 19:46:03-04,186
905,Accounting,Subcategory for Accounting,t,2025-04-12 19:46:03-04,2025-04-12 19:46:03-04,187
906,Legal,Subcategory for Legal,t,2025-04-12 19:46:03-04,2025-04-12 19:46:03-04,187
907,Marketing,Subcategory for Marketing,t,2025-04-12 19:46:03-04,2025-04-12 19:46:03-04,187
958,Watches,Subcategory for Watches,t,2025-09-02 19:12:01.117834-04,2025-09-02 19:12:01.117834-04,307
959,Styling Products,Subcategory for Styling Products,t,2025-09-02 19:12:01.117834-04,2025-09-02 19:12:01.117834-04,309
960,Necklaces & Pendants,Subcategory for Necklaces & Pendants,t,2025-09-02 19:12:01.117834-04,2025-09-02 19:12:01.117834-04,307
961,Religious Texts,Subcategory for Religious Texts,t,2025-09-02 19:12:01.117834-04,2025-09-02 19:12:01.117834-04,312
962,Shampoo,Subcategory for Shampoo,t,2025-09-02 19:12:01.117834-04,2025-09-02 19:12:01.117834-04,309
963,Furniture Accessories,Subcategory for Furniture Accessories,t,2025-09-02 19:12:01.117834-04,2025-09-02 19:12:01.117834-04,311
964,Content Marketing,Subcategory for Content Marketing,t,2025-09-02 19:12:01.117834-04,2025-09-02 19:12:01.117834-04,310
965,Bracelets,Subcategory for Bracelets,t,2025-09-02 19:12:01.117834-04,2025-09-02 19:12:01.117834-04,307
966,Meditation Supplies,Subcategory for Meditation Supplies,t,2025-09-02 19:12:01.117834-04,2025-09-02 19:12:01.117834-04,312
967,Decorative Accents,Subcategory for Decorative Accents,t,2025-09-02 19:12:01.117834-04,2025-09-02 19:12:01.117834-04,311
968,Crystals & Healing Stones,Subcategory for Crystals & Healing Stones,t,2025-09-02 19:12:01.117834-04,2025-09-02 19:12:01.117834-04,312
969,Wall Art & Frames,Subcategory for Wall Art & Frames,t,2025-09-02 19:12:01.117834-04,2025-09-02 19:12:01.117834-04,311
970,Conditioner,Subcategory for Conditioner,t,2025-09-02 19:12:01.117834-04,2025-09-02 19:12:01.117834-04,309
971,Spiritual Jewelry,Subcategory for Spiritual Jewelry,t,2025-09-02 19:12:01.117834-04,2025-09-02 19:12:01.117834-04,312
972,Branding & Design,Subcategory for Branding & Design,t,2025-09-02 19:12:01.117834-04,2025-09-02 19:12:01.117834-04,310
973,Analytics & Strategy,Subcategory for Analytics & Strategy,t,2025-09-02 19:12:01.117834-04,2025-09-02 19:12:01.117834-04,310
974,Social Media Marketing,Subcategory for Social Media Marketing,t,2025-09-02 19:12:01.117834-04,2025-09-02 19:12:01.117834-04,310
975,Lighting & Lamps,Subcategory for Lighting & Lamps,t,2025-09-02 19:12:01.117834-04,2025-09-02 19:12:01.117834-04,311
976,Protein & Fitness,Subcategory for Protein & Fitness,t,2025-09-02 19:12:01.117834-04,2025-09-02 19:12:01.117834-04,308
977,Herbal Remedies,Subcategory for Herbal Remedies,t,2025-09-02 19:12:01.117834-04,2025-09-02 19:12:01.117834-04,308
978,Functional Foods,Subcategory for Functional Foods,t,2025-09-02 19:12:01.117834-04,2025-09-02 19:12:01.117834-04,308
979,Ritual & Ceremony Items,Subcategory for Ritual & Ceremony Items,t,2025-09-02 19:12:01.117834-04,2025-09-02 19:12:01.117834-04,312
980,Rugs & Carpets,Subcategory for Rugs & Carpets,t,2025-09-02 19:12:01.117834-04,2025-09-02 19:12:01.117834-04,311
981,Weight Management,Subcategory for Weight Management,t,2025-09-02 19:12:01.117834-04,2025-09-02 19:12:01.117834-04,308
982,SEO & SEM,Subcategory for SEO & SEM,t,2025-09-02 19:12:01.117834-04,2025-09-02 19:12:01.117834-04,310
983,Earrings,Subcategory for Earrings,t,2025-09-02 19:12:01.117834-04,2025-09-02 19:12:01.117834-04,307
984,Rings,Subcategory for Rings,t,2025-09-02 19:12:01.117834-04,2025-09-02 19:12:01.117834-04,307
985,Hair Oils & Serums,Subcategory for Hair Oils & Serums,t,2025-09-02 19:12:01.117834-04,2025-09-02 19:12:01.117834-04,309
986,Vitamins & Supplements,Subcategory for Vitamins & Supplements,t,2025-09-02 19:12:01.117834-04,2025-09-02 19:12:01.117834-04,308
987,Hair Color & Treatments,Subcategory for Hair Color & Treatments,t,2025-09-02 19:12:01.117834-04,2025-09-02 19:12:01.117834-04,309
